{"name":"43e6dde3-2dc8-4757-b915-9c05fb4fbe5e","id":"/providers/Microsoft.Flow/flows/43e6dde3-2dc8-4757-b915-9c05fb4fbe5e","type":"Microsoft.Flow/flows","properties":{"apiId":"/providers/Microsoft.PowerApps/apis/shared_logicflows","displayName":"Teams Creation Governance","definition":{"metadata":{"workflowEntityId":null,"creator":{"id":"f82463af-a67a-4bbe-bda8-cb97d27bce3e","type":"User","tenantId":"8e1de925-729d-41cd-81f5-677404870dbb"},"provisioningMethod":"FromDefinition","failureAlertSubscription":true,"clientLastModifiedTime":"2019-08-20T19:56:00.462904Z"},"$schema":"https://schema.management.azure.com/providers/Microsoft.Logic/schemas/2016-06-01/workflowdefinition.json#","contentVersion":"1.0.0.0","parameters":{"$connections":{"defaultValue":{},"type":"Object"},"$authentication":{"defaultValue":{},"type":"SecureObject"}},"triggers":{"When_an_item_is_created":{"recurrence":{"interval":1,"frequency":"Minute"},"splitOn":"@triggerBody()?['value']","metadata":{"flowSystemMetadata":{"swaggerOperationId":"GetOnNewItems"}},"type":"ApiConnection","inputs":{"host":{"connection":{"name":"@parameters('$connections')['shared_sharepointonline']['connectionId']"},"api":{"runtimeUrl":"https://flow-apim-msmanaged-na-eastus2-01.azure-apim.net/apim/sharepointonline"}},"method":"get","path":"/datasets/@{encodeURIComponent(encodeURIComponent('https://m365x300094.sharepoint.com/sites/playground'))}/tables/@{encodeURIComponent(encodeURIComponent('001ec26f-5b64-4da2-9279-266dcedf1dfa'))}/onnewitems","authentication":"@parameters('$authentication')"}}},"actions":{"Set_Client_ID":{"runAfter":{},"type":"InitializeVariable","inputs":{"variables":[{"name":"client_id","type":"String","value":"<YOUR CLIENT ID>"}]}},"Secret_Id":{"runAfter":{"Set_Client_ID":["Succeeded"]},"type":"InitializeVariable","inputs":{"variables":[{"name":"secret_id","type":"String","value":"<YOUR SECRET>"}]}},"Tenant_ID":{"runAfter":{"Secret_Id":["Succeeded"]},"type":"InitializeVariable","inputs":{"variables":[{"name":"tenant_id","type":"String","value":"<YOUR TENANT ID>"}]}},"HTTP":{"runAfter":{"TeamCreationStatus":["Succeeded"]},"type":"Http","inputs":{"method":"POST","uri":"https://login.microsoftonline.com/@{variables('tenant_id')}/oauth2/token","headers":{"content-type":"application/x-www-form-urlencoded"},"body":"client_id=@{variables('client_id')}&\nclient_secret=@{variables('secret_id')}&\ngrant_type=client_credentials&\nresource=https%3A%2F%2Fgraph.microsoft.com"}},"Parse_JSON":{"runAfter":{"HTTP":["Succeeded"]},"type":"ParseJson","inputs":{"content":"@body('HTTP')","schema":{"type":"object","properties":{"token_type":{"type":"string"},"expires_in":{"type":"string"},"ext_expires_in":{"type":"string"},"expires_on":{"type":"string"},"not_before":{"type":"string"},"resource":{"type":"string"},"access_token":{"type":"string"}}}}},"Get_Owner_ID":{"runAfter":{"Parse_JSON":["Succeeded"]},"metadata":{"flowSystemMetadata":{"swaggerOperationId":"UserProfile_V2"}},"type":"ApiConnection","inputs":{"host":{"connection":{"name":"@parameters('$connections')['shared_office365users']['connectionId']"},"api":{"runtimeUrl":"https://flow-apim-msmanaged-na-eastus2-01.azure-apim.net/apim/office365users"}},"method":"get","path":"/codeless/v1.0/users/@{encodeURIComponent(triggerBody()?['Owner']?['Email'])}","authentication":"@parameters('$authentication')"}},"Get_Secondary_Owner_ID":{"runAfter":{"Get_Owner_ID":["Succeeded"]},"metadata":{"flowSystemMetadata":{"swaggerOperationId":"UserProfile_V2"}},"type":"ApiConnection","inputs":{"host":{"connection":{"name":"@parameters('$connections')['shared_office365users']['connectionId']"},"api":{"runtimeUrl":"https://flow-apim-msmanaged-na-eastus2-01.azure-apim.net/apim/office365users"}},"method":"get","path":"/codeless/v1.0/users/@{encodeURIComponent(triggerBody()?['SecondaryOwner']?['Email'])}","authentication":"@parameters('$authentication')"}},"Clone_Team":{"runAfter":{"Get_Team_Template":["Succeeded"]},"type":"Http","inputs":{"method":"POST","uri":"https://graph.microsoft.com/v1.0/teams/@{body('Get_Team_Template')['TeamId']}/clone","headers":{"Authorization":"Bearer @{body('Parse_JSON')?['access_token']}"},"body":{"displayName":"@{triggerBody()?['Title']}","description":"@{triggerBody()?['Description']}","partsToClone":"apps,tabs,settings,channels","visibility":"@{toLower(triggerBody()?['Visibility']?['Value'])}","mailNickname":"@{triggerBody()?['Title']}"}}},"Parse_JSON_of_response":{"runAfter":{"Clone_Team":["Succeeded"]},"type":"ParseJson","inputs":{"content":"@outputs('Clone_Team')['headers']","schema":{"type":"object","properties":{"Transfer-Encoding":{"type":"string"},"request-id":{"type":"string"},"client-request-id":{"type":"string"},"x-ms-ags-diagnostic":{"type":"string"},"Duration":{"type":"string"},"Strict-Transport-Security":{"type":"string"},"Cache-Control":{"type":"string"},"Date":{"type":"string"},"Location":{"type":"string"},"Content-Type":{"type":"string"},"Content-Length":{"type":"string"}}}}},"Strip_Team_ID_from_Location_Response":{"runAfter":{"Parse_JSON_of_response":["Succeeded"]},"type":"Compose","inputs":"@substring(body('Parse_JSON_of_response')?['Location'], 8, 36)"},"Add_Owner_to_Newly_Created_Team":{"runAfter":{"Update_Team_to_set_AllowGuests":["Succeeded"]},"type":"Http","inputs":{"method":"POST","uri":"https://graph.microsoft.com/v1.0/groups/@{outputs('Strip_Team_ID_from_Location_Response')}/owners/$ref","headers":{"Authorization":"Bearer @{body('Parse_JSON')?['access_token']}"},"body":{"@@odata.id":"https://graph.microsoft.com/v1.0/users/@{body('Get_Owner_ID')?['id']}"}}},"Add_Secondary_Owner_to_Newly_Created_Team":{"runAfter":{"Add_Owner_to_Newly_Created_Team":["Succeeded"]},"type":"Http","inputs":{"method":"POST","uri":"https://graph.microsoft.com/v1.0/groups/@{outputs('Strip_Team_ID_from_Location_Response')}/owners/$ref","headers":{"Authorization":"Bearer @{body('Parse_JSON')?['access_token']}"},"body":{"@@odata.id":"https://graph.microsoft.com/v1.0/users/@{body('Get_Secondary_Owner_ID')?['id']}"}}},"Update_Requests_List":{"runAfter":{"Add_Secondary_Owner_to_Newly_Created_Team":["Succeeded"]},"metadata":{"flowSystemMetadata":{"swaggerOperationId":"PatchItem"}},"type":"ApiConnection","inputs":{"host":{"connection":{"name":"@parameters('$connections')['shared_sharepointonline']['connectionId']"},"api":{"runtimeUrl":"https://flow-apim-msmanaged-na-eastus2-01.azure-apim.net/apim/sharepointonline"}},"method":"patch","body":{"Title":"@triggerBody()?['Title']","Description":"@triggerBody()?['Description']","AllowGuests":"@triggerBody()?['AllowGuests']","TeamId":"@{outputs('Strip_Team_ID_from_Location_Response')}","Requester":{"Claims":"@triggerBody()?['Requester']?['Claims']"},"Visibility":{"Value":"@triggerBody()?['Visibility']?['Value']"},"Owner":{"Claims":"@triggerBody()?['Owner']?['DisplayName']"},"SecondaryOwner":{"Claims":"@triggerBody()?['SecondaryOwner']?['DisplayName']"},"BusinessUnit":{"Id":"@triggerBody()?['BusinessUnit']?['Id']"}},"path":"/datasets/@{encodeURIComponent(encodeURIComponent('https://m365x300094.sharepoint.com/sites/playground'))}/tables/@{encodeURIComponent(encodeURIComponent('001ec26f-5b64-4da2-9279-266dcedf1dfa'))}/items/@{encodeURIComponent(triggerBody()?['ID'])}","authentication":"@parameters('$authentication')"}},"Post_a_message_as_the_Flow_bot_to_the_Requester":{"runAfter":{"Update_Requests_List":["Succeeded"]},"metadata":{"flowSystemMetadata":{"swaggerOperationId":"PostUserNotification"}},"type":"ApiConnection","inputs":{"host":{"connection":{"name":"@parameters('$connections')['shared_teams']['connectionId']"},"api":{"runtimeUrl":"https://flow-apim-msmanaged-na-westus2-01.azure-apim.net/apim/teams"}},"method":"post","body":{"messageTitle":"Team Request Completed","recipient":{"to":"@{body('Update_Requests_List')?['Requester']?['Email']};"},"messageBody":"Your request for a new Team (@{triggerBody()?['Title']}) has been completed and the requested Owners have been assigned."},"path":"/flowbot/actions/notification/recipienttypes/user","authentication":"@parameters('$authentication')"}},"Get_Team_Template":{"runAfter":{"Get_Secondary_Owner_ID":["Succeeded"]},"metadata":{"flowSystemMetadata":{"swaggerOperationId":"GetItem"}},"type":"ApiConnection","inputs":{"host":{"connection":{"name":"@parameters('$connections')['shared_sharepointonline_1']['connectionId']"},"api":{"runtimeUrl":"https://flow-apim-msmanaged-na-eastus2-01.azure-apim.net/apim/sharepointonline"}},"method":"get","path":"/datasets/@{encodeURIComponent(encodeURIComponent('https://m365x300094.sharepoint.com/sites/playground'))}/tables/@{encodeURIComponent(encodeURIComponent('8503b1ee-657d-47db-96f2-c6ba8bb6731c'))}/items/@{encodeURIComponent(triggerBody()?['Template']?['Id'])}","authentication":"@parameters('$authentication')"}},"AllowGuests":{"runAfter":{"Tenant_ID":["Succeeded"]},"type":"InitializeVariable","inputs":{"variables":[{"name":"AllowGuests","type":"String","value":"@{if(triggerBody()?['AllowGuests'], 'True', 'False')}"}]}},"Update_Team_to_set_AllowGuests":{"runAfter":{"Check_if_it_succeeded":["Succeeded"]},"type":"Http","inputs":{"method":"POST","uri":"https://graph.microsoft.com/v1.0/groups/@{outputs('Strip_Team_ID_from_Location_Response')}/settings","headers":{"Authorization":"Bearer @{body('Parse_JSON')?['access_token']}"},"body":{"displayName":"Group.Unified.Guest","templateId":"08d542b9-071f-4e16-94b0-74abb372e3d9","values":[{"name":"AllowToAddGuests","value":"@{variables('AllowGuests')}"}]}}},"Do_until_Clone_Team_operation_is_complete":{"actions":{"Delay":{"runAfter":{},"type":"Wait","inputs":{"interval":{"count":45,"unit":"Second"}}},"Check_if_clone_operation_is_complete":{"runAfter":{"Delay":["Succeeded"]},"type":"Http","inputs":{"method":"GET","uri":"https://graph.microsoft.com/v1.0@{body('Parse_JSON_of_response')?['Location']}","headers":{"Authorization":"Bearer @{body('Parse_JSON')?['access_token']}"}}},"Parse_JSON_2":{"runAfter":{"Check_if_clone_operation_is_complete":["Succeeded"]},"type":"ParseJson","inputs":{"content":"@body('Check_if_clone_operation_is_complete')","schema":{"type":"object","properties":{"id":{"type":"string"},"operationType":{"type":"string"},"createdDateTime":{"type":"string"},"status":{"type":"string"},"lastActionDateTime":{"type":"string"},"attemptsCount":{"type":"integer"},"targetResourceId":{"type":"string"},"targetResourceLocation":{"type":"string"},"error":{}}}}},"Switch":{"runAfter":{"Set_variable_2":["Succeeded"]},"cases":{"Case":{"case":"succeeded","actions":{"Set_TeamCreationCompleted":{"runAfter":{},"type":"SetVariable","inputs":{"name":"TeamCreationCompleted","value":true}}}},"Case_2":{"case":"failed","actions":{"Set_variable":{"runAfter":{},"type":"SetVariable","inputs":{"name":"TeamCreationCompleted","value":true}}}}},"default":{"actions":{}},"expression":"@body('Parse_JSON_2')?['status']","type":"Switch"},"Set_variable_2":{"runAfter":{"Parse_JSON_2":["Succeeded"]},"type":"SetVariable","inputs":{"name":"TeamCreationStatus","value":"@body('Parse_JSON_2')?['status']"}}},"runAfter":{"Strip_Team_ID_from_Location_Response":["Succeeded"]},"expression":"@equals(variables('TeamCreationCompleted'), true)","limit":{"count":10,"timeout":"PT45S"},"type":"Until"},"TeamCreationCompleted":{"runAfter":{"AllowGuests":["Succeeded"]},"type":"InitializeVariable","inputs":{"variables":[{"name":"TeamCreationCompleted","type":"Boolean","value":false}]}},"Check_if_it_succeeded":{"actions":{"Terminate":{"runAfter":{},"type":"Terminate","inputs":{"runStatus":"Failed","runError":{"code":"@variables('TeamCreationStatus')","message":"Failed to Clone Team, need to notify someone"}}}},"runAfter":{"Do_until_Clone_Team_operation_is_complete":["Succeeded"]},"expression":{"not":{"equals":["@variables('TeamCreationStatus')","succeeded"]}},"type":"If"},"TeamCreationStatus":{"runAfter":{"TeamCreationCompleted":["Succeeded"]},"type":"InitializeVariable","inputs":{"variables":[{"name":"TeamCreationStatus","type":"String"}]}}},"description":"Custom Teams creation process that allows for additional metadata to be collected during the request, enabling organizations to implement their governance requirements while still allowing automated self-service."},"connectionReferences":{"shared_office365users":{"connectionName":"c9e545f057ac4987d52e05e31b24e068","source":"Embedded","id":"/providers/Microsoft.PowerApps/apis/shared_office365users","tier":"NotSpecified"},"shared_sharepointonline":{"connectionName":"62fcc2daecc14766b3bf43bb3968ae5b","source":"Embedded","id":"/providers/Microsoft.PowerApps/apis/shared_sharepointonline","tier":"NotSpecified"},"shared_teams":{"connectionName":"shared-teams-de68c364-196a-4888-93e0-4348d162c423","source":"Embedded","id":"/providers/Microsoft.PowerApps/apis/shared_teams","tier":"NotSpecified"},"shared_sharepointonline_1":{"connectionName":"shared-sharepointonl-3b65e32a-9df0-4f7b-b769-4532e3c9ee89","source":"Embedded","id":"/providers/Microsoft.PowerApps/apis/shared_sharepointonline","tier":"NotSpecified"}},"flowFailureAlertSubscribed":false}}